INSERT INTO CLIENTE(NIF, NOME,MORADA,EMAIL,TELEMOVEL) VALUES ('323456889','Alberto Castelo','Rua de Santo Agostinho 3025-112 Coimbra','alssber.castel@gmail.com',923746444);
INSERT INTO CLIENTE(NIF, NOME,MORADA,EMAIL,TELEMOVEL) VALUES ('223457756','José Esteves','Rua de Maria JUlho 3045-112 Sesimbra','ajosedl@gmail.com',925786434);
INSERT INTO CLIENTE(NIF, NOME,MORADA,EMAIL,TELEMOVEL) VALUES ('473465759','Magusto Albino','Rua da Aguada 4905-207 Alvarães','magst@gmail.com',925786434);
INSERT INTO CLIENTE(NIF, NOME,MORADA,EMAIL,TELEMOVEL) VALUES ('243469996','Eduardo Claro','ravessa de São Sebastião 4920-001 Campos','clarissimo@gmail.com',935786774);
INSERT INTO CLIENTE(NIF, NOME,MORADA,EMAIL,TELEMOVEL) VALUES ('113866756','Maria Almeida','Largo do Lagido 4900-002 Afife','mar.almei@gmail.com',915799432);
INSERT INTO CLIENTE(NIF, NOME,MORADA,EMAIL,TELEMOVEL) VALUES ('323884756','Marco Costa','Rua de Macedo Cão 2033-456 Lisboa','costa.marco@gmail.com',925745434);
INSERT INTO CLIENTE(NIF, NOME,MORADA,EMAIL,TELEMOVEL) VALUES ('244466886','Mariana Figueiras','Avenida Fernão de Magalhães 521 3004-507 Coimbra','figuqieres@gmail.com',965555477);
INSERT INTO CLIENTE(NIF, NOME,MORADA,EMAIL,TELEMOVEL) VALUES ('923996756','Dário Pereira','Rua das Corredouras 4905-197 Alvarães','pereiraaa.da@gmail.com',919996434);
INSERT INTO CLIENTE(NIF, NOME,MORADA,EMAIL,TELEMOVEL) VALUES ('553466788','Clarice Martins','Rua de Macedo Cão 2033-456 Lisboa','clar.mar@gmail.com',918763422);
INSERT INTO CLIENTE(NIF, NOME,MORADA,EMAIL,TELEMOVEL) VALUES ('774666756','Carlos Macedo','Ladeira da Igreja 3030-865 Ceira','carl.ma.cd@gmail.com',915797983);

INSERT INTO VENDA(DESIGNACAO,CUSTO,DATA_SERVICO,MORADA_CARGA,MORADA_DESCARGA,LUCRO,ID_CLIENTE) VALUES('Venda', 699.99, 2021-10-12,'Rua Bartolomeu Perestrelo 4400-179 Vila Nova de Gaia', 'Beco da Vista Alegre Canidelo 4400-652 Vila Nova de Gaia', 139.8, 1);
INSERT INTO VENDA(DESIGNACAO,CUSTO,DATA_SERVICO,MORADA_CARGA,MORADA_DESCARGA,LUCRO,ID_CLIENTE) VALUES('Venda', 890.70, 2021-9-21,'Rua Bartolomeu Perestrelo 4400-179 Vila Nova de Gaia', 'Rua de Pedro Hispano 1179 4269-004 Porto', 14.8, 2);
INSERT INTO VENDA(DESIGNACAO,CUSTO,DATA_SERVICO,MORADA_CARGA,MORADA_DESCARGA,LUCRO,ID_CLIENTE) VALUES('Venda', 344.99, 2021-03-15,'Rua Bartolomeu Perestrelo 4400-179 Vila Nova de Gaia', 'Rua da Corredoura 4560-002 Abragão', 51.4, 3);
INSERT INTO VENDA(DESIGNACAO,CUSTO,DATA_SERVICO,MORADA_CARGA,MORADA_DESCARGA,LUCRO,ID_CLIENTE) VALUES('Venda', 259.99, 2021-06-22,'Travessa da Saudade Creixomil 4835-109 Guimarães', 'Rua Joaquim Pires Jorge 23 2814-506 Almada', 156.0, 4);
INSERT INTO VENDA(DESIGNACAO,CUSTO,DATA_SERVICO,MORADA_CARGA,MORADA_DESCARGA,LUCRO,ID_CLIENTE) VALUES('Venda', 310.45, 2020-08-05,'Rua Bartolomeu Perestrelo 4400-179 Vila Nova de Gaia', 'Rua Bartolomeu Perestrelo 4400-179 Vila Nova de Gaia', 396.4, 5);
INSERT INTO VENDA(DESIGNACAO,CUSTO,DATA_SERVICO,MORADA_CARGA,MORADA_DESCARGA,LUCRO,ID_CLIENTE) VALUES('Venda', 699.99, 2021-11-09,'Travessa Aníbal Palmela 2840-003 Casal do Marco', 'Rua de Mazagão 4709-005 Aveleda', 339.4, 6);
INSERT INTO VENDA(DESIGNACAO,CUSTO,DATA_SERVICO,MORADA_CARGA,MORADA_DESCARGA,LUCRO,ID_CLIENTE) VALUES('Venda', 999.80, 2021-04-03,'Rua Bartolomeu Perestrelo 4400-179 Vila Nova de Gaia', 'Largo Padre Adriano Pedrali 2610-129 Amadora', 219.5, 7);
INSERT INTO VENDA(DESIGNACAO,CUSTO,DATA_SERVICO,MORADA_CARGA,MORADA_DESCARGA,LUCRO,ID_CLIENTE) VALUES('Venda', 356.60, 2021-03-09,'Rua Bartolomeu Perestrelo 4400-179 Vila Nova de Gaia', 'Estrada Nacional 11 2864-008 Chão Duro', 102.3, 8);
INSERT INTO VENDA(DESIGNACAO,CUSTO,DATA_SERVICO,MORADA_CARGA,MORADA_DESCARGA,LUCRO,ID_CLIENTE) VALUES('Venda', 539.99, 2020-11-18,'Rua Bartolomeu Perestrelo 4400-179 Vila Nova de Gaia', 'Beco da Vista Alegre Canidelo 4400-652 Vila Nova de Gaia', 48.4, 9);
INSERT INTO VENDA(DESIGNACAO,CUSTO,DATA_SERVICO,MORADA_CARGA,MORADA_DESCARGA,LUCRO,ID_CLIENTE) VALUES('Venda', 399.99, 2021-05-29,'Rua Marechal Gomes da Costa 7450-003 Assumar', 'Rua Bartolomeu Perestrelo 4400-179 Vila Nova de Gaia', 36, 10);
INSERT INTO VENDA(DESIGNACAO,CUSTO,DATA_SERVICO,MORADA_CARGA,MORADA_DESCARGA,LUCRO,ID_CLIENTE) VALUES('Venda', 899.20, 2020-8-24,'Rua Bartolomeu Perestrelo 4400-179 Vila Nova de Gaia', 'Praceta Adelaide Cabete 2860-003 Alhos Vedros', 31.2, 10);
INSERT INTO VENDA(DESIGNACAO,CUSTO,DATA_SERVICO,MORADA_CARGA,MORADA_DESCARGA,LUCRO,ID_CLIENTE) VALUES('Venda', 220.99, 2020-10-12,'Rua Doutor José Maria Ramos 5155-002 Cedovim', 'Rua da Corredoura 4560-002 Abragão', 170.5, 3);
INSERT INTO VENDA(DESIGNACAO,CUSTO,DATA_SERVICO,MORADA_CARGA,MORADA_DESCARGA,LUCRO,ID_CLIENTE) VALUES('Venda', 725.99, 2020-10-12,'Rua Bartolomeu Perestrelo 4400-179 Vila Nova de Gaia', 'Rua Joaquim Pires Jorge 23 2814-506 Almada', 51.4, 4);
INSERT INTO VENDA(DESIGNACAO,CUSTO,DATA_SERVICO,MORADA_CARGA,MORADA_DESCARGA,LUCRO,ID_CLIENTE) VALUES('Venda', 1024.99, 2020-08-25,'Rua Bartolomeu Perestrelo 4400-179 Vila Nova de Gaia', 'Beco da Vista Alegre Canidelo 4400-652 Vila Nova de Gaia', 220, 5);
INSERT INTO VENDA(DESIGNACAO,CUSTO,DATA_SERVICO,MORADA_CARGA,MORADA_DESCARGA,LUCRO,ID_CLIENTE) VALUES('Venda', 130.40, 2020-07-07,'Rua Bartolomeu Perestrelo 4400-179 Vila Nova de Gaia', 'Largo Padre Adriano Pedrali 2610-129 Amadora', 169.7, 7);

INSERT INTO REPARACAO(DESIGNACAO,CUSTO,DATA_SERVICO,DATA_INICIO, DATA_FINAL, ID_CLIENTE) VALUES ('Computer Assembly',300,2021-12-01,2021-11-29,2021-11-30,2);
INSERT INTO REPARACAO(DESIGNACAO,CUSTO,DATA_SERVICO,DATA_INICIO, DATA_FINAL, ID_CLIENTE) VALUES ('Broken Gpu',600,2020-05-12,2020-04-10,2021-04-30,1);
INSERT INTO REPARACAO(DESIGNACAO,CUSTO,DATA_SERVICO,DATA_INICIO, DATA_FINAL, ID_CLIENTE) VALUES ('Broken SSD',21,2021-06-25, 2021-06-10,2021-06-15, 3);
INSERT INTO REPARACAO(DESIGNACAO,CUSTO,DATA_SERVICO,DATA_INICIO, DATA_FINAL, ID_CLIENTE) VALUES ('Fan Cleanup',10,2021-07-30,2021-07-15,2021-07-29, 2);
INSERT INTO REPARACAO(DESIGNACAO,CUSTO,DATA_SERVICO,DATA_INICIO, DATA_FINAL, ID_CLIENTE) VALUES ('Dust Cleaning',19,2021-01-13,2021-01-10,2021-01-12, 1);
INSERT INTO REPARACAO(DESIGNACAO,CUSTO,DATA_SERVICO,DATA_INICIO, DATA_FINAL, ID_CLIENTE) VALUES ('Motherboard Replacement',60.6,2018-10-18,2021-06-10,2021-06-15,1);
INSERT INTO REPARACAO(DESIGNACAO,CUSTO,DATA_SERVICO,DATA_INICIO, DATA_FINAL, ID_CLIENTE) VALUES ('Update Windows',60.6,2021-11-21,2021-08-11,2021-09-19,1);

INSERT INTO FUNCIONARIO (NOME,MORADA,EMAIL,TELEMOVEL,SALARIO_BASE,ID_ESPECIALIDADE) VALUES ('Joaquim Almeida', 'Rua da Costeira 4560-140 Guilhufe','rhavyn@me.com',915608238,687.6,1);
INSERT INTO FUNCIONARIO (NOME,MORADA,EMAIL,TELEMOVEL,SALARIO_BASE,ID_ESPECIALIDADE) VALUES ('Maria Gomes', 'Travessa do Candeias 7940-001 Cuba','mcrawfor@yahoo.ca',962348156,550.1,2);
INSERT INTO FUNCIONARIO (NOME,MORADA,EMAIL,TELEMOVEL,SALARIO_BASE,ID_ESPECIALIDADE) VALUES ('João Guedes', 'Mosteiro da Senhora das Preces 6100-100 Amorim','dgriffith@outlook.com',912783142,712,1);
INSERT INTO FUNCIONARIO (NOME,MORADA,EMAIL,TELEMOVEL,SALARIO_BASE,ID_ESPECIALIDADE) VALUES ('Pedro Serra', 'Rua Nova de São Crispim 380 4049-002 Porto','mcrawfor@yahoo.ca',966876736,891.2,1);
INSERT INTO FUNCIONARIO (NOME,MORADA,EMAIL,TELEMOVEL,SALARIO_BASE,ID_ESPECIALIDADE) VALUES ('Catarina Lima', 'Rua Vasco da Gama 7490-106 Cabeção','jfreedma@outlook.com',914410045,991.9,2);
INSERT INTO FUNCIONARIO (NOME,MORADA,EMAIL,TELEMOVEL,SALARIO_BASE,ID_ESPECIALIDADE) VALUES ('Santiago Castro', 'Praça Dom Sancho Ii Bairro das Caixas Tribunal Judicial Comarca 7354-001 Elvas','mcrawfor@yahoo.ca',952580964,850.7,2);
INSERT INTO FUNCIONARIO (NOME,MORADA,EMAIL,TELEMOVEL,SALARIO_BASE,ID_ESPECIALIDADE) VALUES ('Tomas Fonseca', 'Beco do Areal 3430-505 Beijós','enintend@live.com',923914736,724.0,2);
INSERT INTO FUNCIONARIO (NOME,MORADA,EMAIL,TELEMOVEL,SALARIO_BASE,ID_ESPECIALIDADE) VALUES ('Leonor Mendes', 'Travessa Moinho de Cima 2400-795 Amor','mahbub@hotmail.com',939130380,1341.5,3);
INSERT INTO FUNCIONARIO (NOME,MORADA,EMAIL,TELEMOVEL,SALARIO_BASE,ID_ESPECIALIDADE) VALUES ('Tiago Gonçalves', 'Rua Dom Afonso Henriques 4420-104 Gondomar','mccurley@live.com',946575442,1700.3,1);
INSERT INTO FUNCIONARIO (NOME,MORADA,EMAIL,TELEMOVEL,SALARIO_BASE,ID_ESPECIALIDADE) VALUES ('Rodrigo Correia', 'Rua Latino Coelho Ímpares de 5 a 183 4000-315 Porto','hling@yahoo.com',918614421,1100.5,2);

INSERT INTO SALARIO_MENSAL(MES,SALARIO,ANO,ID_FUNCIONARIO) VALUES(12,687.6,2021,1);
INSERT INTO SALARIO_MENSAL(MES,SALARIO,ANO,ID_FUNCIONARIO) VALUES(12,554.7,2021,2);
INSERT INTO SALARIO_MENSAL(MES,SALARIO,ANO,ID_FUNCIONARIO) VALUES(12,712,2021,3);
INSERT INTO SALARIO_MENSAL(MES,SALARIO,ANO,ID_FUNCIONARIO) VALUES(12,897.5,2021,4);
INSERT INTO SALARIO_MENSAL(MES,SALARIO,ANO,ID_FUNCIONARIO) VALUES(12,991.9,2021,5);
INSERT INTO SALARIO_MENSAL(MES,SALARIO,ANO,ID_FUNCIONARIO) VALUES(12,861.05,2021,6);
INSERT INTO SALARIO_MENSAL(MES,SALARIO,ANO,ID_FUNCIONARIO) VALUES(12,724.15,2021,7);
INSERT INTO SALARIO_MENSAL(MES,SALARIO,ANO,ID_FUNCIONARIO) VALUES(12,1341.5,2021,8);
INSERT INTO SALARIO_MENSAL(MES,SALARIO,ANO,ID_FUNCIONARIO) VALUES(12,1716.05,2021,9);
INSERT INTO SALARIO_MENSAL(MES,SALARIO,ANO,ID_FUNCIONARIO) VALUES(12,1100.5,2021,10);

INSERT INTO ESPECIALIDADE(NOME,PRECO_HORA) VALUES ('Software',6.3);
INSERT INTO ESPECIALIDADE(NOME,PRECO_HORA) VALUES ('Limpeza',2.3);
INSERT INTO ESPECIALIDADE(NOME,PRECO_HORA) VALUES ('Administracao',7.7);
INSERT INTO ESPECIALIDADE(NOME,PRECO_HORA) VALUES ('Hardware',5.6);

INSERT INTO INCREMENTO_VENDA(ID_VENDA, ID_FUNCIONARIO) VALUES (1,2);
INSERT INTO INCREMENTO_VENDA(ID_VENDA, ID_FUNCIONARIO) VALUES (2,3);
INSERT INTO INCREMENTO_VENDA(ID_VENDA, ID_FUNCIONARIO) VALUES (3,6);
INSERT INTO INCREMENTO_VENDA(ID_VENDA, ID_FUNCIONARIO) VALUES (4,7);
INSERT INTO INCREMENTO_VENDA(ID_VENDA, ID_FUNCIONARIO) VALUES (5,7);
INSERT INTO INCREMENTO_VENDA(ID_VENDA, ID_FUNCIONARIO) VALUES (6,8);
INSERT INTO INCREMENTO_VENDA(ID_VENDA, ID_FUNCIONARIO) VALUES (7,9);
INSERT INTO INCREMENTO_VENDA(ID_VENDA, ID_FUNCIONARIO) VALUES (8,1);
INSERT INTO INCREMENTO_VENDA(ID_VENDA, ID_FUNCIONARIO) VALUES (9,3);
INSERT INTO INCREMENTO_VENDA(ID_VENDA, ID_FUNCIONARIO) VALUES (10,6);
INSERT INTO INCREMENTO_VENDA(ID_VENDA, ID_FUNCIONARIO) VALUES (11,6);
INSERT INTO INCREMENTO_VENDA(ID_VENDA, ID_FUNCIONARIO) VALUES (12,6);
INSERT INTO INCREMENTO_VENDA(ID_VENDA, ID_FUNCIONARIO) VALUES (13,6);
INSERT INTO INCREMENTO_VENDA(ID_VENDA, ID_FUNCIONARIO) VALUES (14,4);
INSERT INTO INCREMENTO_VENDA(ID_VENDA, ID_FUNCIONARIO) VALUES (15,5);

INSERT INTO INCREMENTO_REPARACAO(ID_REPARACAO, ID_FUNCIONARIO, HORAS) VALUES (1,3,1.5);
INSERT INTO INCREMENTO_REPARACAO(ID_REPARACAO, ID_FUNCIONARIO, HORAS) VALUES (2,6,1);
INSERT INTO INCREMENTO_REPARACAO(ID_REPARACAO, ID_FUNCIONARIO, HORAS) VALUES (3,6,3.5);
INSERT INTO INCREMENTO_REPARACAO(ID_REPARACAO, ID_FUNCIONARIO, HORAS) VALUES (4,2,2);
INSERT INTO INCREMENTO_REPARACAO(ID_REPARACAO, ID_FUNCIONARIO, HORAS) VALUES (5,4,1);
INSERT INTO INCREMENTO_REPARACAO(ID_REPARACAO, ID_FUNCIONARIO, HORAS) VALUES (6,7,0.5);
INSERT INTO INCREMENTO_REPARACAO(ID_REPARACAO, ID_FUNCIONARIO, HORAS) VALUES (7,9,2.5);

INSERT INTO PECA (MODELO,PRECO_VENDA,STOCK) VALUES('AMD Ryzen 5 3400G',147,50);
INSERT INTO PECA (MODELO,PRECO_VENDA,STOCK) VALUES('AMD Wraith',30,10);
INSERT INTO PECA (MODELO,PRECO_VENDA,STOCK) VALUES('Corsair iCUE H100i Elite Capellix (240mm AIO liquid cooler)',150,150);
INSERT INTO PECA (MODELO,PRECO_VENDA,STOCK) VALUES('16GB (2 x 8GB) Corsair Vengeance RGB Pro 3600MHz',105,5);
INSERT INTO PECA (MODELO,PRECO_VENDA,STOCK) VALUES('AMD Radeon RX 6900 XT',1600,20);
INSERT INTO PECA (MODELO,PRECO_VENDA,STOCK) VALUES('Asus ROG Strix X570-E Gaming (ATX)',290,3);
INSERT INTO PECA (MODELO,PRECO_VENDA,STOCK) VALUES('AMD Ryzen 9 5950X',490,10);
INSERT INTO PECA (MODELO,PRECO_VENDA,STOCK) VALUES('4TB Western Digital Blue',80,75);
INSERT INTO PECA (MODELO,PRECO_VENDA,STOCK) VALUES('1TB WD Black SN850 (M.2 NVMe)',159,3);
INSERT INTO PECA (MODELO,PRECO_VENDA,STOCK) VALUES('1TB ADATA XPG GAMMIX S50 Lite',119,7);

INSERT INTO PECA_REPARACAO(ID_PECA, ID_REPARACAO) VALUES (5,1);
INSERT INTO PECA_REPARACAO(ID_PECA, ID_REPARACAO) VALUES (7,1);
INSERT INTO PECA_REPARACAO(ID_PECA, ID_REPARACAO) VALUES (9,1);
INSERT INTO PECA_REPARACAO(ID_PECA, ID_REPARACAO) VALUES (4,2);
INSERT INTO PECA_REPARACAO(ID_PECA, ID_REPARACAO) VALUES (9,3);
INSERT INTO PECA_REPARACAO(ID_PECA, ID_REPARACAO) VALUES (6,6);

INSERT INTO PECA_FORNECEDOR(ID_PECA,ID_FORNECEDOR,PRECO_COMPRA) VALUES (1,2,100.4);
INSERT INTO PECA_FORNECEDOR(ID_PECA,ID_FORNECEDOR,PRECO_COMPRA) VALUES (2,2, 15.2);
INSERT INTO PECA_FORNECEDOR(ID_PECA,ID_FORNECEDOR,PRECO_COMPRA) VALUES (3,1, 98.6);
INSERT INTO PECA_FORNECEDOR(ID_PECA,ID_FORNECEDOR,PRECO_COMPRA) VALUES (4,1, 73.8);
INSERT INTO PECA_FORNECEDOR(ID_PECA,ID_FORNECEDOR,PRECO_COMPRA) VALUES (5,2, 1203.6);
INSERT INTO PECA_FORNECEDOR(ID_PECA,ID_FORNECEDOR,PRECO_COMPRA) VALUES (6,5, 120.3);
INSERT INTO PECA_FORNECEDOR(ID_PECA,ID_FORNECEDOR,PRECO_COMPRA) VALUES (7,2, 270.5);
INSERT INTO PECA_FORNECEDOR(ID_PECA,ID_FORNECEDOR,PRECO_COMPRA) VALUES (8,3,45.9);
INSERT INTO PECA_FORNECEDOR(ID_PECA,ID_FORNECEDOR,PRECO_COMPRA) VALUES (9,3, 110.6);
INSERT INTO PECA_FORNECEDOR(ID_PECA,ID_FORNECEDOR,PRECO_COMPRA) VALUES (10,4,83);

INSERT INTO PECA_VENDA(ID_VENDA,ID_PECA,N_PECA) VALUES (1,1,3);
INSERT INTO PECA_VENDA(ID_VENDA,ID_PECA,N_PECA) VALUES (2,2,1);
INSERT INTO PECA_VENDA(ID_VENDA,ID_PECA,N_PECA) VALUES (3,3,1);
INSERT INTO PECA_VENDA(ID_VENDA,ID_PECA,N_PECA) VALUES (4,4,5);
INSERT INTO PECA_VENDA(ID_VENDA,ID_PECA,N_PECA) VALUES (5,5,1);
INSERT INTO PECA_VENDA(ID_VENDA,ID_PECA,N_PECA) VALUES (6,6,2);
INSERT INTO PECA_VENDA(ID_VENDA,ID_PECA,N_PECA) VALUES (7,7,1);
INSERT INTO PECA_VENDA(ID_VENDA,ID_PECA,N_PECA) VALUES (8,8,3);
INSERT INTO PECA_VENDA(ID_VENDA,ID_PECA,N_PECA) VALUES (9,9,1);
INSERT INTO PECA_VENDA(ID_VENDA,ID_PECA,N_PECA) VALUES (10,10,1);
INSERT INTO PECA_VENDA(ID_VENDA,ID_PECA,N_PECA) VALUES (11,4,1);
INSERT INTO PECA_VENDA(ID_VENDA,ID_PECA,N_PECA) VALUES (12,8,5);
INSERT INTO PECA_VENDA(ID_VENDA,ID_PECA,N_PECA) VALUES (13,3,1);
INSERT INTO PECA_VENDA(ID_VENDA,ID_PECA,N_PECA) VALUES (14,7,1);
INSERT INTO PECA_VENDA(ID_VENDA,ID_PECA,N_PECA) VALUES (15,6,1);

INSERT INTO FORNECEDOR(NOME) VALUES ('Corsair');
INSERT INTO FORNECEDOR(NOME) VALUES ('Amd');
INSERT INTO FORNECEDOR(NOME) VALUES ('Western Digital');
INSERT INTO FORNECEDOR(NOME) VALUES ('Adata');
INSERT INTO FORNECEDOR(NOME) VALUES ('Asus');
--acrescentado
INSERT INTO FORNECEDOR(NOME) VALUES ('Hp');
INSERT INTO FORNECEDOR(NOME) VALUES ('Msi');
INSERT INTO FORNECEDOR(NOME) VALUES ('Logitech');
INSERT INTO FORNECEDOR(NOME) VALUES ('Dell');
INSERT INTO FORNECEDOR(NOME) VALUES ('Lenovo');

INSERT INTO ARMAZEM(NOME,MORADA,AREA,ID_FORNECEDOR) VALUES ('Armazem-Gondomar','Travessa Doutor Afonso Costa 4420-126 Gondomar',5354.152,2);
INSERT INTO ARMAZEM(NOME,MORADA,AREA,ID_FORNECEDOR) VALUES ('Armazem-Maia','Rua Agostinho da Silva Rocha 4479-003 Maia',16942.51,1);
INSERT INTO ARMAZEM(NOME,MORADA,AREA,ID_FORNECEDOR) VALUES ('Armazem-Viana do Castelo','Quelha das Trincheiras 46 4904-869 Viana do Castelo',16942.51,4);
INSERT INTO ARMAZEM(NOME,MORADA,AREA,ID_FORNECEDOR) VALUES ('Armazem-Lisboa','Avenida José Malhoa 13 1099-002 Lisboa',1842.51,3);
INSERT INTO ARMAZEM(NOME,MORADA,AREA,ID_FORNECEDOR) VALUES ('Armazem-Gaia','Rua 1º de Maio Canidelo 4400-356 Vila Nova de Gaia',5942.51,4);
INSERT INTO ARMAZEM(NOME,MORADA,AREA,ID_FORNECEDOR) VALUES ('Armazem-Faro','Rua Engenheiro José Campos Coroa 8000-340 Faro',1935.51,5);
--acrescentado
INSERT INTO ARMAZEM(NOME,MORADA,AREA,ID_FORNECEDOR) VALUES ('Armazem-Maia','Rua de Engenheiro João Tallone 4470-516 Maia',1801.4,6);
INSERT INTO ARMAZEM(NOME,MORADA,AREA,ID_FORNECEDOR) VALUES ('Armazem-Porto','Rua da Torrinha 202 4050-609 Porto',1650.6,7);
INSERT INTO ARMAZEM(NOME,MORADA,AREA,ID_FORNECEDOR) VALUES ('Armazem-Lisboa','Rua Augusto dos Santos 1050-002 Lisboa',2200.9,8);
INSERT INTO ARMAZEM(NOME,MORADA,AREA,ID_FORNECEDOR) VALUES ('Armazem-Viseu','Avenida Alberto Sampaio 130 3514-503 Viseu',1950.6,9);
INSERT INTO ARMAZEM(NOME,MORADA,AREA,ID_FORNECEDOR) VALUES ('Armazem-Porto','Rua Infanta Dona Maria 4050-350 Porto',2150.80,10);





















